Gene	Condition	Region	Group	mean_logCPM
ATP2A1	LA_AF	LA	AF	1.03082853533009
ATP2A1	LA_Control	LA	Control	1.21328364152372
ATP2A1	LV_AF	LV	AF	1.59318392334576
ATP2A1	LV_Control	LV	Control	1.84199317488116
ATP2A1	RA_AF	RA	AF	1.12816622891742
ATP2A1	RA_Control	RA	Control	1.15726979427043
ATP2A1	RV_AF	RV	AF	1.79970625006253
ATP2A1	RV_Control	RV	Control	1.69325419878489
ATP2A2	LA_AF	LA	AF	11.5929760084496
ATP2A2	LA_Control	LA	Control	11.6977762675943
ATP2A2	LV_AF	LV	AF	10.9950594291995
ATP2A2	LV_Control	LV	Control	10.7956865404689
ATP2A2	RA_AF	RA	AF	11.0802641285353
ATP2A2	RA_Control	RA	Control	11.6773025945344
ATP2A2	RV_AF	RV	AF	11.26000057276
ATP2A2	RV_Control	RV	Control	11.4345230892443
ATP2A3	LA_AF	LA	AF	3.25453588930885
ATP2A3	LA_Control	LA	Control	2.73439089382849
ATP2A3	LV_AF	LV	AF	3.28685988527635
ATP2A3	LV_Control	LV	Control	3.29063594476242
ATP2A3	RA_AF	RA	AF	2.92784726099092
ATP2A3	RA_Control	RA	Control	2.45990057927309
ATP2A3	RV_AF	RV	AF	3.31847743808234
ATP2A3	RV_Control	RV	Control	3.10631038345631
CACNA1A	LA_AF	LA	AF	1.04465303457096
CACNA1A	LA_Control	LA	Control	0.556225119228838
CACNA1A	LV_AF	LV	AF	0.963391457585534
CACNA1A	LV_Control	LV	Control	1.41649150956572
CACNA1A	RA_AF	RA	AF	1.44583524735895
CACNA1A	RA_Control	RA	Control	1.31439267768838
CACNA1A	RV_AF	RV	AF	0.927425341604578
CACNA1A	RV_Control	RV	Control	0.781427836462624
CACNA1C	LA_AF	LA	AF	5.31417316845457
CACNA1C	LA_Control	LA	Control	5.57544371479619
CACNA1C	LV_AF	LV	AF	5.53344356792726
CACNA1C	LV_Control	LV	Control	5.7336861352409
CACNA1C	RA_AF	RA	AF	5.12441698114299
CACNA1C	RA_Control	RA	Control	5.61672307380766
CACNA1C	RV_AF	RV	AF	5.78887537364321
CACNA1C	RV_Control	RV	Control	5.75555945513185
CACNA1G	LA_AF	LA	AF	4.69111370551461
CACNA1G	LA_Control	LA	Control	4.52887915671375
CACNA1G	LV_AF	LV	AF	2.47704985189692
CACNA1G	LV_Control	LV	Control	2.54891526015042
CACNA1G	RA_AF	RA	AF	4.05366067299472
CACNA1G	RA_Control	RA	Control	4.48912228939703
CACNA1G	RV_AF	RV	AF	2.58143742953385
CACNA1G	RV_Control	RV	Control	2.67985036940706
CACNA1H	LA_AF	LA	AF	2.69440906910251
CACNA1H	LA_Control	LA	Control	2.9279000483624
CACNA1H	LV_AF	LV	AF	3.19034337401956
CACNA1H	LV_Control	LV	Control	4.02899965224315
CACNA1H	RA_AF	RA	AF	1.9245884520774
CACNA1H	RA_Control	RA	Control	2.88285811790939
CACNA1H	RV_AF	RV	AF	3.20308279169523
CACNA1H	RV_Control	RV	Control	3.6004213507228
CACNA2D1	LA_AF	LA	AF	5.13906802658636
CACNA2D1	LA_Control	LA	Control	5.2662704929491
CACNA2D1	LV_AF	LV	AF	5.16115587533546
CACNA2D1	LV_Control	LV	Control	5.34591936275498
CACNA2D1	RA_AF	RA	AF	5.47434306212461
CACNA2D1	RA_Control	RA	Control	5.69014889710097
CACNA2D1	RV_AF	RV	AF	5.34275013087884
CACNA2D1	RV_Control	RV	Control	5.595043634885
CACNA2D2	LA_AF	LA	AF	2.52789774483966
CACNA2D2	LA_Control	LA	Control	2.12295522099696
CACNA2D2	LV_AF	LV	AF	3.08952267747156
CACNA2D2	LV_Control	LV	Control	2.65338631534694
CACNA2D2	RA_AF	RA	AF	2.12230800185735
CACNA2D2	RA_Control	RA	Control	2.07752502012484
CACNA2D2	RV_AF	RV	AF	3.222481865398
CACNA2D2	RV_Control	RV	Control	2.77019548943124
CACNA2D3	LA_AF	LA	AF	2.41816446876878
CACNA2D3	LA_Control	LA	Control	2.24109552403265
CACNA2D3	LV_AF	LV	AF	-0.585256750556088
CACNA2D3	LV_Control	LV	Control	-0.062343112233109
CACNA2D3	RA_AF	RA	AF	2.41698233311739
CACNA2D3	RA_Control	RA	Control	2.38082648608387
CACNA2D3	RV_AF	RV	AF	-1.18338747374669
CACNA2D3	RV_Control	RV	Control	0.225342194640829
CACNB1	LA_AF	LA	AF	0.690874419462266
CACNB1	LA_Control	LA	Control	0.646311870478772
CACNB1	LV_AF	LV	AF	0.437324850418865
CACNB1	LV_Control	LV	Control	0.228482275257151
CACNB1	RA_AF	RA	AF	0.772964152217516
CACNB1	RA_Control	RA	Control	0.82060406646323
CACNB1	RV_AF	RV	AF	0.365733285646261
CACNB1	RV_Control	RV	Control	0.12023781651347
CACNB2	LA_AF	LA	AF	4.9578856655213
CACNB2	LA_Control	LA	Control	5.46952930179795
CACNB2	LV_AF	LV	AF	5.31326294129492
CACNB2	LV_Control	LV	Control	5.03556916959201
CACNB2	RA_AF	RA	AF	4.86149225489061
CACNB2	RA_Control	RA	Control	5.37225435334374
CACNB2	RV_AF	RV	AF	5.20570643232692
CACNB2	RV_Control	RV	Control	5.06417048400444
CACNB3	LA_AF	LA	AF	2.0608171336817
CACNB3	LA_Control	LA	Control	1.87743184455258
CACNB3	LV_AF	LV	AF	1.94055123702184
CACNB3	LV_Control	LV	Control	1.61735959006542
CACNB3	RA_AF	RA	AF	2.16101091659891
CACNB3	RA_Control	RA	Control	1.89777709265315
CACNB3	RV_AF	RV	AF	1.71554015879794
CACNB3	RV_Control	RV	Control	1.60887920522617
CASQ1	LA_AF	LA	AF	3.78218277816322
CASQ1	LA_Control	LA	Control	4.24985029654387
CASQ1	LV_AF	LV	AF	3.00624871306654
CASQ1	LV_Control	LV	Control	2.80216856909276
CASQ1	RA_AF	RA	AF	4.26678956404267
CASQ1	RA_Control	RA	Control	3.97928700808608
CASQ1	RV_AF	RV	AF	2.92139134724801
CASQ1	RV_Control	RV	Control	2.24036566317652
CASQ2	LA_AF	LA	AF	10.0910238744655
CASQ2	LA_Control	LA	Control	10.0631165247769
CASQ2	LV_AF	LV	AF	9.99530548384614
CASQ2	LV_Control	LV	Control	10.0815856888846
CASQ2	RA_AF	RA	AF	10.1619945499527
CASQ2	RA_Control	RA	Control	10.1134224974789
CASQ2	RV_AF	RV	AF	9.98086650936686
CASQ2	RV_Control	RV	Control	9.96951362140876
GJA1	LA_AF	LA	AF	8.3289735351286
GJA1	LA_Control	LA	Control	8.498287861186
GJA1	LV_AF	LV	AF	7.86584060411885
GJA1	LV_Control	LV	Control	7.57913693321871
GJA1	RA_AF	RA	AF	8.39762362324802
GJA1	RA_Control	RA	Control	8.56767679938625
GJA1	RV_AF	RV	AF	7.83183370187948
GJA1	RV_Control	RV	Control	7.5676299103332
GJA3	LA_AF	LA	AF	4.58308410069249
GJA3	LA_Control	LA	Control	4.03642933537693
GJA3	LV_AF	LV	AF	5.10960849935509
GJA3	LV_Control	LV	Control	4.84054947634108
GJA3	RA_AF	RA	AF	4.56708324175945
GJA3	RA_Control	RA	Control	3.86987064183766
GJA3	RV_AF	RV	AF	5.31131799162438
GJA3	RV_Control	RV	Control	5.08849965606596
GJA4	LA_AF	LA	AF	3.57110764753555
GJA4	LA_Control	LA	Control	3.66506393073663
GJA4	LV_AF	LV	AF	3.95732739217541
GJA4	LV_Control	LV	Control	4.14891703839407
GJA4	RA_AF	RA	AF	3.61122368053213
GJA4	RA_Control	RA	Control	3.26294527847876
GJA4	RV_AF	RV	AF	4.01801510256602
GJA4	RV_Control	RV	Control	3.79154085731166
GJA5	LA_AF	LA	AF	6.27516809174544
GJA5	LA_Control	LA	Control	5.83293038007949
GJA5	LV_AF	LV	AF	4.67995843528345
GJA5	LV_Control	LV	Control	5.1494160692954
GJA5	RA_AF	RA	AF	6.71821276003119
GJA5	RA_Control	RA	Control	5.9071100465083
GJA5	RV_AF	RV	AF	4.75418023022769
GJA5	RV_Control	RV	Control	4.46379446640922
HCN2	LA_AF	LA	AF	3.56535960821035
HCN2	LA_Control	LA	Control	1.98356907768612
HCN2	LV_AF	LV	AF	2.77941231755165
HCN2	LV_Control	LV	Control	4.16129648510527
HCN2	RA_AF	RA	AF	3.80313800138013
HCN2	RA_Control	RA	Control	3.16269219030795
HCN2	RV_AF	RV	AF	2.51092397256218
HCN2	RV_Control	RV	Control	3.78334669711151
HCN4	LA_AF	LA	AF	5.017749239237
HCN4	LA_Control	LA	Control	4.11576745432032
HCN4	LV_AF	LV	AF	1.68448012086639
HCN4	LV_Control	LV	Control	1.94629804223091
HCN4	RA_AF	RA	AF	6.60969432484876
HCN4	RA_Control	RA	Control	6.01174033206175
HCN4	RV_AF	RV	AF	3.02105824734221
HCN4	RV_Control	RV	Control	-0.143917697907631
KCNA3	LA_AF	LA	AF	-1.58787713856014
KCNA3	LA_Control	LA	Control	-0.545809467271767
KCNA3	LV_AF	LV	AF	-1.09589098200471
KCNA3	LV_Control	LV	Control	-0.919682426629264
KCNA3	RA_AF	RA	AF	-0.85152277135233
KCNA3	RA_Control	RA	Control	-0.915114271584296
KCNA3	RV_AF	RV	AF	-1.14490435856674
KCNA3	RV_Control	RV	Control	-0.619131174469467
KCNA4	LA_AF	LA	AF	0.962254031312802
KCNA4	LA_Control	LA	Control	0.585170914497768
KCNA4	LV_AF	LV	AF	-2.22429284358038
KCNA4	LV_Control	LV	Control	-1.73376955647913
KCNA4	RA_AF	RA	AF	1.44151441645957
KCNA4	RA_Control	RA	Control	1.06772391790256
KCNA4	RV_AF	RV	AF	-1.58477279818618
KCNA4	RV_Control	RV	Control	-1.4633499679201
KCNA5	LA_AF	LA	AF	6.69174689125522
KCNA5	LA_Control	LA	Control	6.35914369218284
KCNA5	LV_AF	LV	AF	4.05690882021078
KCNA5	LV_Control	LV	Control	3.79120483609051
KCNA5	RA_AF	RA	AF	6.68036917555857
KCNA5	RA_Control	RA	Control	6.33905729493019
KCNA5	RV_AF	RV	AF	4.04310002250835
KCNA5	RV_Control	RV	Control	3.87679526786874
KCNA6	LA_AF	LA	AF	-1.03375067741291
KCNA6	LA_Control	LA	Control	-1.3093525484222
KCNA6	LV_AF	LV	AF	-0.971848186900696
KCNA6	LV_Control	LV	Control	-0.975650663347366
KCNA6	RA_AF	RA	AF	-0.658809370874083
KCNA6	RA_Control	RA	Control	-0.593950151006246
KCNA6	RV_AF	RV	AF	-1.01908289224238
KCNA6	RV_Control	RV	Control	-1.08077174738026
KCNA7	LA_AF	LA	AF	3.88292059448369
KCNA7	LA_Control	LA	Control	3.69834318981365
KCNA7	LV_AF	LV	AF	3.96519756803233
KCNA7	LV_Control	LV	Control	3.88961266895498
KCNA7	RA_AF	RA	AF	3.86765422368628
KCNA7	RA_Control	RA	Control	3.70621974418881
KCNA7	RV_AF	RV	AF	3.95683441351215
KCNA7	RV_Control	RV	Control	4.17355958483325
KCNC4	LA_AF	LA	AF	2.47449765928015
KCNC4	LA_Control	LA	Control	3.21116179953232
KCNC4	LV_AF	LV	AF	-0.237842364744899
KCNC4	LV_Control	LV	Control	0.206905189777316
KCNC4	RA_AF	RA	AF	1.73160149784474
KCNC4	RA_Control	RA	Control	1.99482467408734
KCNC4	RV_AF	RV	AF	-0.038988428028223
KCNC4	RV_Control	RV	Control	-0.0660473795162368
KCND3	LA_AF	LA	AF	4.29808602201549
KCND3	LA_Control	LA	Control	3.87266922727364
KCND3	LV_AF	LV	AF	3.66027156995906
KCND3	LV_Control	LV	Control	3.45708202186325
KCND3	RA_AF	RA	AF	3.85564309670138
KCND3	RA_Control	RA	Control	4.16583660110162
KCND3	RV_AF	RV	AF	3.87726739984675
KCND3	RV_Control	RV	Control	4.04821648942015
KCNH2	LA_AF	LA	AF	5.13272381561295
KCNH2	LA_Control	LA	Control	5.02849718094512
KCNH2	LV_AF	LV	AF	5.80684549599774
KCNH2	LV_Control	LV	Control	6.00221845078205
KCNH2	RA_AF	RA	AF	5.08935637518382
KCNH2	RA_Control	RA	Control	4.95914068649635
KCNH2	RV_AF	RV	AF	5.90386696067817
KCNH2	RV_Control	RV	Control	5.96065918553949
KCNJ11	LA_AF	LA	AF	6.53276635587995
KCNJ11	LA_Control	LA	Control	6.82561568449677
KCNJ11	LV_AF	LV	AF	6.09209389959019
KCNJ11	LV_Control	LV	Control	5.96236576769838
KCNJ11	RA_AF	RA	AF	6.82949000665321
KCNJ11	RA_Control	RA	Control	7.03187775647146
KCNJ11	RV_AF	RV	AF	6.27261337935558
KCNJ11	RV_Control	RV	Control	6.07634405580492
KCNJ12	LA_AF	LA	AF	-0.021581553453411
KCNJ12	LA_Control	LA	Control	-0.405727703253996
KCNJ12	LV_AF	LV	AF	2.92724257481769
KCNJ12	LV_Control	LV	Control	2.36449619117614
KCNJ12	RA_AF	RA	AF	-0.397131460703274
KCNJ12	RA_Control	RA	Control	-0.60777719651852
KCNJ12	RV_AF	RV	AF	2.88403311192762
KCNJ12	RV_Control	RV	Control	3.22961670887602
KCNJ15	LA_AF	LA	AF	-1.35150970025955
KCNJ15	LA_Control	LA	Control	-0.387157865723878
KCNJ15	LV_AF	LV	AF	-0.948980164990046
KCNJ15	LV_Control	LV	Control	-0.583683212344748
KCNJ15	RA_AF	RA	AF	-0.876115209755212
KCNJ15	RA_Control	RA	Control	-1.05912224537189
KCNJ15	RV_AF	RV	AF	-0.697692988180644
KCNJ15	RV_Control	RV	Control	-0.174190868165507
KCNJ2	LA_AF	LA	AF	2.56062124228914
KCNJ2	LA_Control	LA	Control	2.63183576911862
KCNJ2	LV_AF	LV	AF	7.19144545514355
KCNJ2	LV_Control	LV	Control	6.9406221327985
KCNJ2	RA_AF	RA	AF	1.21066718532748
KCNJ2	RA_Control	RA	Control	2.83842512735679
KCNJ2	RV_AF	RV	AF	7.38784527189426
KCNJ2	RV_Control	RV	Control	7.11581454006949
KCNJ3	LA_AF	LA	AF	8.41329076208274
KCNJ3	LA_Control	LA	Control	8.18322940929267
KCNJ3	LV_AF	LV	AF	4.94896141654892
KCNJ3	LV_Control	LV	Control	5.10762645413814
KCNJ3	RA_AF	RA	AF	8.11384294229368
KCNJ3	RA_Control	RA	Control	8.06371653203362
KCNJ3	RV_AF	RV	AF	5.64115153727814
KCNJ3	RV_Control	RV	Control	5.48919317018648
KCNJ4	LA_AF	LA	AF	7.57710846417007
KCNJ4	LA_Control	LA	Control	8.4052705322015
KCNJ4	LV_AF	LV	AF	8.27319422649466
KCNJ4	LV_Control	LV	Control	8.56915810395627
KCNJ4	RA_AF	RA	AF	8.18567619258981
KCNJ4	RA_Control	RA	Control	8.39131353494223
KCNJ4	RV_AF	RV	AF	8.18566015752199
KCNJ4	RV_Control	RV	Control	8.17063698954515
KCNJ5	LA_AF	LA	AF	8.01628059054726
KCNJ5	LA_Control	LA	Control	7.40917310201722
KCNJ5	LV_AF	LV	AF	-1.91819840382564
KCNJ5	LV_Control	LV	Control	-2.06287136896996
KCNJ5	RA_AF	RA	AF	7.63492202402971
KCNJ5	RA_Control	RA	Control	7.51976151214971
KCNJ5	RV_AF	RV	AF	-2.38110798071758
KCNJ5	RV_Control	RV	Control	-2.08554590385623
KCNK1	LA_AF	LA	AF	-1.93228126569221
KCNK1	LA_Control	LA	Control	-1.58421872895452
KCNK1	LV_AF	LV	AF	-0.966531073718442
KCNK1	LV_Control	LV	Control	-0.872357748481958
KCNK1	RA_AF	RA	AF	-0.786409653106044
KCNK1	RA_Control	RA	Control	-1.29553101725796
KCNK1	RV_AF	RV	AF	-0.777088194112957
KCNK1	RV_Control	RV	Control	-0.536986332839489
KCNK3	LA_AF	LA	AF	7.69834909844831
KCNK3	LA_Control	LA	Control	8.2191783348404
KCNK3	LV_AF	LV	AF	1.10528084203806
KCNK3	LV_Control	LV	Control	-0.441022687645075
KCNK3	RA_AF	RA	AF	7.05184795388982
KCNK3	RA_Control	RA	Control	7.42613201191752
KCNK3	RV_AF	RV	AF	0.925322565353322
KCNK3	RV_Control	RV	Control	0.795178562809805
KCNK6	LA_AF	LA	AF	2.74754831131798
KCNK6	LA_Control	LA	Control	1.59232620973627
KCNK6	LV_AF	LV	AF	0.221866859492269
KCNK6	LV_Control	LV	Control	-0.106908180526404
KCNK6	RA_AF	RA	AF	2.10088840623542
KCNK6	RA_Control	RA	Control	1.39335588177468
KCNK6	RV_AF	RV	AF	0.177800592626237
KCNK6	RV_Control	RV	Control	-0.0389987016198635
KCNN1	LA_AF	LA	AF	2.63540628086302
KCNN1	LA_Control	LA	Control	2.80923137464526
KCNN1	LV_AF	LV	AF	2.83378165926343
KCNN1	LV_Control	LV	Control	3.76363092118087
KCNN1	RA_AF	RA	AF	3.04386750328058
KCNN1	RA_Control	RA	Control	2.81354304383788
KCNN1	RV_AF	RV	AF	2.84609897812623
KCNN1	RV_Control	RV	Control	3.79676292446807
KCNN2	LA_AF	LA	AF	2.37577647893141
KCNN2	LA_Control	LA	Control	1.34326832024682
KCNN2	LV_AF	LV	AF	-1.2942982052445
KCNN2	LV_Control	LV	Control	-1.02049941954428
KCNN2	RA_AF	RA	AF	-0.711205445019254
KCNN2	RA_Control	RA	Control	-0.535919247990368
KCNN2	RV_AF	RV	AF	-0.659997352070027
KCNN2	RV_Control	RV	Control	-0.976627229429709
KCNN3	LA_AF	LA	AF	1.04794885005472
KCNN3	LA_Control	LA	Control	0.0884221382057995
KCNN3	LV_AF	LV	AF	0.114806629072581
KCNN3	LV_Control	LV	Control	-0.241403023588259
KCNN3	RA_AF	RA	AF	-0.0121032650981518
KCNN3	RA_Control	RA	Control	0.557593900063092
KCNN3	RV_AF	RV	AF	-0.349880163694663
KCNN3	RV_Control	RV	Control	-0.365520225975397
KCNQ1	LA_AF	LA	AF	3.92626390578447
KCNQ1	LA_Control	LA	Control	3.77293021689145
KCNQ1	LV_AF	LV	AF	4.08507592258084
KCNQ1	LV_Control	LV	Control	3.91319564668893
KCNQ1	RA_AF	RA	AF	3.68911096742421
KCNQ1	RA_Control	RA	Control	3.80324716017801
KCNQ1	RV_AF	RV	AF	3.97946607766483
KCNQ1	RV_Control	RV	Control	4.19040371462497
KCNQ3	LA_AF	LA	AF	2.00452164977779
KCNQ3	LA_Control	LA	Control	1.08228687932933
KCNQ3	LV_AF	LV	AF	1.65198655251156
KCNQ3	LV_Control	LV	Control	1.48643428488785
KCNQ3	RA_AF	RA	AF	2.41365266829635
KCNQ3	RA_Control	RA	Control	0.895342467090464
KCNQ3	RV_AF	RV	AF	0.772841217904851
KCNQ3	RV_Control	RV	Control	0.146659254694446
KCNQ4	LA_AF	LA	AF	1.70306544319036
KCNQ4	LA_Control	LA	Control	1.4037288524836
KCNQ4	LV_AF	LV	AF	2.40612436753434
KCNQ4	LV_Control	LV	Control	1.86788209438097
KCNQ4	RA_AF	RA	AF	0.635945415882757
KCNQ4	RA_Control	RA	Control	1.35747505546792
KCNQ4	RV_AF	RV	AF	2.13558510728452
KCNQ4	RV_Control	RV	Control	2.02401442912535
PLN	LA_AF	LA	AF	10.1309287060796
PLN	LA_Control	LA	Control	10.3705380884114
PLN	LV_AF	LV	AF	10.6041903753807
PLN	LV_Control	LV	Control	10.3009603009668
PLN	RA_AF	RA	AF	10.3020627378377
PLN	RA_Control	RA	Control	10.5126219965736
PLN	RV_AF	RV	AF	10.6255017715394
PLN	RV_Control	RV	Control	10.5432177624151
RYR1	LA_AF	LA	AF	-0.462857640801277
RYR1	LA_Control	LA	Control	-1.25515962272711
RYR1	LV_AF	LV	AF	-1.63281261938097
RYR1	LV_Control	LV	Control	-2.09902082592558
RYR1	RA_AF	RA	AF	-0.867731427083657
RYR1	RA_Control	RA	Control	-1.41671294294608
RYR1	RV_AF	RV	AF	-1.72829279917876
RYR1	RV_Control	RV	Control	-1.57869629932184
RYR2	LA_AF	LA	AF	9.27545080681314
RYR2	LA_Control	LA	Control	9.70864755027457
RYR2	LV_AF	LV	AF	9.16874243575798
RYR2	LV_Control	LV	Control	9.37222346937289
RYR2	RA_AF	RA	AF	9.01795833660696
RYR2	RA_Control	RA	Control	9.78266541306835
RYR2	RV_AF	RV	AF	9.44502771415373
RYR2	RV_Control	RV	Control	9.98128542632637
SCN10A	LA_AF	LA	AF	0.305081497018345
SCN10A	LA_Control	LA	Control	0.863918656924851
SCN10A	LV_AF	LV	AF	-2.1648290591962
SCN10A	LV_Control	LV	Control	-1.48240815422955
SCN10A	RA_AF	RA	AF	-0.701545464337144
SCN10A	RA_Control	RA	Control	0.493103372599203
SCN10A	RV_AF	RV	AF	-1.97610158799864
SCN10A	RV_Control	RV	Control	-1.5606801757445
SCN1A	LA_AF	LA	AF	-0.199492042202602
SCN1A	LA_Control	LA	Control	1.26730373098025
SCN1A	LV_AF	LV	AF	-0.45637728494523
SCN1A	LV_Control	LV	Control	-0.0634406892330818
SCN1A	RA_AF	RA	AF	-0.450827559332566
SCN1A	RA_Control	RA	Control	1.89453397506967
SCN1A	RV_AF	RV	AF	-0.534777223002377
SCN1A	RV_Control	RV	Control	-0.679346213696358
SCN4A	LA_AF	LA	AF	0.591296035883235
SCN4A	LA_Control	LA	Control	-0.557648155896852
SCN4A	LV_AF	LV	AF	-1.75755389525699
SCN4A	LV_Control	LV	Control	-1.95873930024246
SCN4A	RA_AF	RA	AF	-0.382014727277117
SCN4A	RA_Control	RA	Control	-0.0750862091952632
SCN4A	RV_AF	RV	AF	-1.78675790794892
SCN4A	RV_Control	RV	Control	-1.07026599935972
SCN5A	LA_AF	LA	AF	6.96645366828684
SCN5A	LA_Control	LA	Control	7.20576218718853
SCN5A	LV_AF	LV	AF	5.57414317133454
SCN5A	LV_Control	LV	Control	5.70391897211578
SCN5A	RA_AF	RA	AF	6.65140576795793
SCN5A	RA_Control	RA	Control	6.93362695833638
SCN5A	RV_AF	RV	AF	5.8110658092883
SCN5A	RV_Control	RV	Control	5.73906086817311
SCN7A	LA_AF	LA	AF	1.95982963342519
SCN7A	LA_Control	LA	Control	1.74702942994956
SCN7A	LV_AF	LV	AF	2.23841586339673
SCN7A	LV_Control	LV	Control	2.0332261520139
SCN7A	RA_AF	RA	AF	2.48179649184036
SCN7A	RA_Control	RA	Control	2.42163640306323
SCN7A	RV_AF	RV	AF	2.16196972697488
SCN7A	RV_Control	RV	Control	1.82051984854133
SCN8A	LA_AF	LA	AF	2.5564541118792
SCN8A	LA_Control	LA	Control	3.3517219869437
SCN8A	LV_AF	LV	AF	2.60942551985645
SCN8A	LV_Control	LV	Control	2.82233585082141
SCN8A	RA_AF	RA	AF	2.38724604328747
SCN8A	RA_Control	RA	Control	3.67276819382657
SCN8A	RV_AF	RV	AF	2.57675649211768
SCN8A	RV_Control	RV	Control	2.96245724667329
SCN9A	LA_AF	LA	AF	-2.44356467346406
SCN9A	LA_Control	LA	Control	-1.3189546095798
SCN9A	LV_AF	LV	AF	-1.91791880026434
SCN9A	LV_Control	LV	Control	-0.41730793747602
SCN9A	RA_AF	RA	AF	-2.2412410068773
SCN9A	RA_Control	RA	Control	-1.73720817269622
SCN9A	RV_AF	RV	AF	-1.64290424333936
SCN9A	RV_Control	RV	Control	-1.06364175810708
SLC8A1	LA_AF	LA	AF	9.16637494775584
SLC8A1	LA_Control	LA	Control	9.31876625866212
SLC8A1	LV_AF	LV	AF	9.23304311243984
SLC8A1	LV_Control	LV	Control	9.33615889699708
SLC8A1	RA_AF	RA	AF	9.25471569495149
SLC8A1	RA_Control	RA	Control	9.48185739638011
SLC8A1	RV_AF	RV	AF	9.44308078190395
SLC8A1	RV_Control	RV	Control	9.62011830781309
SLC8A3	LA_AF	LA	AF	3.47575234697803
SLC8A3	LA_Control	LA	Control	2.8035729115994
SLC8A3	LV_AF	LV	AF	1.51422161363575
SLC8A3	LV_Control	LV	Control	2.51537372473474
SLC8A3	RA_AF	RA	AF	3.32800642569661
SLC8A3	RA_Control	RA	Control	3.26509687680665
SLC8A3	RV_AF	RV	AF	1.41985489844214
SLC8A3	RV_Control	RV	Control	0.0271239931545568
TRPC1	LA_AF	LA	AF	1.96845776495706
TRPC1	LA_Control	LA	Control	2.27693744437969
TRPC1	LV_AF	LV	AF	1.88736787354108
TRPC1	LV_Control	LV	Control	1.89458912617284
TRPC1	RA_AF	RA	AF	1.72999623710482
TRPC1	RA_Control	RA	Control	2.23466006360185
TRPC1	RV_AF	RV	AF	1.65394203787945
TRPC1	RV_Control	RV	Control	2.0685106846331
TRPC4	LA_AF	LA	AF	-1.71804047275643
TRPC4	LA_Control	LA	Control	-1.74341092187377
TRPC4	LV_AF	LV	AF	-2.23196551539483
TRPC4	LV_Control	LV	Control	-1.82769562129162
TRPC4	RA_AF	RA	AF	-0.419590098451766
TRPC4	RA_Control	RA	Control	-0.99944532348291
TRPC4	RV_AF	RV	AF	-1.97149960059214
TRPC4	RV_Control	RV	Control	-1.89153768077096
TRPC5	LA_AF	LA	AF	0.585303866084445
TRPC5	LA_Control	LA	Control	0.0429947069758396
TRPC5	LV_AF	LV	AF	-0.991325926161589
TRPC5	LV_Control	LV	Control	-2.10315871202963
TRPC5	RA_AF	RA	AF	1.25647172688999
TRPC5	RA_Control	RA	Control	0.904523309726159
TRPC5	RV_AF	RV	AF	-0.695879264388687
TRPC5	RV_Control	RV	Control	-0.00190959742828464
TRPC6	LA_AF	LA	AF	-1.71692970798534
TRPC6	LA_Control	LA	Control	0.0440941052099013
TRPC6	LV_AF	LV	AF	-0.504992651376772
TRPC6	LV_Control	LV	Control	-0.330582948076124
TRPC6	RA_AF	RA	AF	-1.29855769546798
TRPC6	RA_Control	RA	Control	0.299892861623377
TRPC6	RV_AF	RV	AF	-1.27965598228061
TRPC6	RV_Control	RV	Control	-0.172029754144836
TRPM2	LA_AF	LA	AF	-0.803903454588569
TRPM2	LA_Control	LA	Control	-0.118553206742523
TRPM2	LV_AF	LV	AF	-0.0569530337459238
TRPM2	LV_Control	LV	Control	0.0327602056697511
TRPM2	RA_AF	RA	AF	-0.254565310199931
TRPM2	RA_Control	RA	Control	0.146971238392773
TRPM2	RV_AF	RV	AF	-0.296569764998976
TRPM2	RV_Control	RV	Control	0.258869727793768
TRPM4	LA_AF	LA	AF	3.56086061472777
TRPM4	LA_Control	LA	Control	3.56051475613281
TRPM4	LV_AF	LV	AF	3.50465790240293
TRPM4	LV_Control	LV	Control	3.30110282082063
TRPM4	RA_AF	RA	AF	3.56790884713654
TRPM4	RA_Control	RA	Control	3.62372258650614
TRPM4	RV_AF	RV	AF	3.1691382771618
TRPM4	RV_Control	RV	Control	2.92064088851878
TRPM6	LA_AF	LA	AF	-1.30163679610788
TRPM6	LA_Control	LA	Control	-0.633541666644975
TRPM6	LV_AF	LV	AF	-1.53554935670307
TRPM6	LV_Control	LV	Control	-0.705875828184306
TRPM6	RA_AF	RA	AF	-0.3612019552171
TRPM6	RA_Control	RA	Control	-0.0117180647029968
TRPM6	RV_AF	RV	AF	-1.39683021749916
TRPM6	RV_Control	RV	Control	-0.79169386782379
TRPM7	LA_AF	LA	AF	4.89971849552568
TRPM7	LA_Control	LA	Control	5.27730272314039
TRPM7	LV_AF	LV	AF	5.34005798920782
TRPM7	LV_Control	LV	Control	5.4525937469688
TRPM7	RA_AF	RA	AF	5.10780379520833
TRPM7	RA_Control	RA	Control	5.40660238073286
TRPM7	RV_AF	RV	AF	5.28735796196907
TRPM7	RV_Control	RV	Control	5.64780649984032
TRPV1	LA_AF	LA	AF	-1.49894154260345
TRPV1	LA_Control	LA	Control	-1.1137336913986
TRPV1	LV_AF	LV	AF	-0.623029074957652
TRPV1	LV_Control	LV	Control	-0.526037653908267
TRPV1	RA_AF	RA	AF	-1.24267270767001
TRPV1	RA_Control	RA	Control	-1.20367390481505
TRPV1	RV_AF	RV	AF	-0.808218713562622
TRPV1	RV_Control	RV	Control	-0.557907616801246
TRPV2	LA_AF	LA	AF	2.5879887372885
TRPV2	LA_Control	LA	Control	3.1183302568542
TRPV2	LV_AF	LV	AF	3.52509462965717
TRPV2	LV_Control	LV	Control	3.34251794176657
TRPV2	RA_AF	RA	AF	2.85992993695861
TRPV2	RA_Control	RA	Control	3.16814927672406
TRPV2	RV_AF	RV	AF	3.34096066661736
TRPV2	RV_Control	RV	Control	3.11670100129026
